,,,,,,,,,,,,,,,,,,,,,,,,,,,,24001,24002,,,,,,,,,,,,,,,
,,,59001,59002,59003,59004,,,,,,,,,,,,,,,,,,,,,,24003,24004,24005,24006,,,,10002,,,,,,,,,
,,,59005,59006,59007,59008,48001,48002,,,,,,,,,,,,,,,,,,,,24007,24008,24009,24010,24011,,,10003,10004,10005,,,,,,,
,,,59009,59010,59011,59012,48003,48004,48005,48006,48007,47001,47002,46001,47002,,,,,,,,,,,,,24012,24013,24014,24015,24016,10001,,10006,10007,10008,,,,,,,
,,,59013,59014,59015,59016,48008,48009,48010,48011,48012,47003,47004,46003,47004,35001,35002,35003,35004,35005,35006,,,,,,,24017,24018,24019,24020,24021,24022,,,,,,,11001,11002,,,
,,,59017,59018,59019,59020,48013,48014,48015,48016,48017,47005,47006,46005,47006,35007,35008,35009,35010,35011,35012,35013,35014,35015,35016,35017,,24023,24024,24025,24026,24027,24028,24029,24030,24031,24032,,,11003,11004,,,
,,,59021,59022,59023,59024,48018,48019,48020,48021,48022,47007,47008,46007,47008,35018,35019,35020,35021,35022,35023,35024,35025,35026,35027,35028,,24033,24034,24035,24036,24037,24038,24039,24040,24041,24042,,,,,,,12001
,,,59025,59026,59027,59028,59029,48023,48024,48025,48026,47009,47010,46009,47010,35029,35030,35031,35032,35033,35034,35035,35036,35037,35038,35039,35040,24043,24044,24045,24046,24047,24048,24049,24050,24051,24052,13001,13002,,,,,12002
,59037,59038,,59030,59031,59032,59033,48027,48028,48029,48030,47011,47012,46011,47012,35041,35042,35043,35044,35045,35046,35047,35048,35049,35050,35051,35052,24053,24054,24055,24056,24057,24058,24059,24060,24061,24062,13003,13004,,,12003,12004,
,59039,59040,,,59034,59035,59036,48031,48032,48033,48034,47013,47014,46013,47014,35053,35054,35055,35056,35057,35058,35059,35060,35061,35062,35063,35064,35065,35066,35067,24063,24064,24065,24066,24067,24068,24069,13005,13006,13007,,12005,12006,
,59041,59042,,,,,,,,,,,,,,35067,35068,35069,35070,35071,35072,35073,35074,35075,35076,35077,35078,35079,35080,35081,35082,24070,24071,24072,24073,24074,24075,13008,13009,13010,,12006,12008,
,,,,,,,,,,,,,,,,35083,35084,35085,35086,35087,35088,35089,35090,35091,35092,35093,35094,35095,35096,35097,35098,35099,24076,24077,24078,,,,,,,12009,12010,
,,,,,,,,,,,,,,,,,,,35100,35101,35102,35103,35104,35105,35106,35107,35108,35109,35110,,,,,,,,,,,,,12011,,
,,,,,,,,,,,,,,,,,,,,,,35111,35112,35113,35114,35115,35116,35117,35118,,,,,,,,,,,,,,,
,,,,,,,,,,,,,,,,,,,,,,,,,,,35119,35120,35121,,,,,,,,,,,,,,,
,,,,,,,,,,,,,,,,,,,,,,,,,,,,,,,,,,,,,,,,,,,,
,,,,,,,,,,,,,,,,,,,,,,,,,,,,,,,,,,,,,,,,,,,,
,,,,,,,,,,,,,,,,,,,,,,,,,,,,,,,,,,,,,,,,,,,,
,,,,,,,,,,,,,,,,,,,,,,,,,,,,,,,,,,,,,,,,,,,,
,,,,,,,,,,,,,,,,,,,,,,,,,,,,,,,,,,,,,,,,,,,,
,,,,,,,,,,,,,,,,,,,,,,,,,,,,,,,,,,,,,,,,,,,,
,,,,,,,,,,,,,,,,,,,,,,,,,,,,,,,,,,,,,,,,,,,,
,,,,,,,,,,,,,,,,,,,,,,,,,,,,,,,,,,,,,,,,,,,,
,,,,,,,,,,,,,,,,,,,,,,,,,,,,,,,,,,,,,,,,,,,,
,,,,,,,,,,,,,,,,,,,,,,,,,,,,,,,,,,,,,,,,,,,,
,,,,,,,,,,,,,,,,,,,,,,,,,,,,,,,,,,,,,,,,,,,,
,,,,,,,,,,,,,,,,,,,,,,,,,,,,,,,,,,,,,,,,,,,,
,,,,,,,,,,,,,,,,,,,,,,,,,,,,,,,,,,,,,,,,,,,,
,,,,,,,,,,,,,,,,,,,,,,,,,,,,,,,,,,,,,,,,,,,,
,,,,,,,,,,,,,,,,,,,,,,,,,,,,,,,,,,,,,,,,,,,,
,,,,,,,,,,,,,,,,,,,,,,,,,,,,,,,,,,,,,,,,,,,,
,,,,,,,,,,,,,,,,,,,,,,,,,,,,,,,,,,,,,,,,,,,,
,,,,,,,,,,,,,,,,,,,,,,,,,,,,,,,,,,,,,,,,,,,,
,,,,,,,,,,,,,,,,,,,,,,,,,,,,,,,,,,,,,,,,,,,,
,,,,,,,,,,,,,,,,,,,,,,,,,,,,,,,,,,,,,,,,,,,,
,,,,,,,,,,,,,,,,,,,,,,,,,,,,,,,,,,,,,,,,,,,,
,,,,,,,,,,,,,,,,,,,,,,,,,,,,,,,,,,,,,,,,,,,,
,,,,,,,,,,,,,,,,,,,,,,,,,,,,,,,,,,,,,,,,,,,,
,,,,,,,,,,,,,,,,,,,,,,,,,,,,,,,,,,,,,,,,,,,,
,,,,,,,,,,,,,,,,,,,,,,,,,,,,,,,,,,,,,,,,,,,,